,|f(x+ed)-f(x)|,|f(x+ed)-f(x)-ed.T@grad(x)|
0,0.15595857574182403,0.03366686169640526
1,0.06919882609883743,0.008052969076128041
2,0.032540531777511816,0.0019676032661571224
3,0.015772686112137446,0.00048622185646009924
4,0.007764080341306823,0.0001208482134681492
5,0.0038517399035704614,3.0123839651124626e-05
6,0.001918327978063017,7.5199461033485446e-06
7,0.0009572826266126544,1.8786106328202122e-06
8,0.0004781714887145405,4.694807246234233e-07
9,0.00023896835268777394,1.1734869281539769e-07
